skeleton,count
优化<T>的性能，需要调整<T>和<T>参数。,82
通过<T>接口，可以实现<T>的<T>操作。,82
配置<T>时，需要注意<T>和<T>的兼容性。,82
<T>的优势在于<T>，相比传统方式可降低<T>成本。,81
<T>的主要作用是<T>，适用于<T>场景。,80
在<T>场景下，使用<T>可以有效提升<T>效率。,80
部署<T>前，需先完成<T>和<T>的准备工作。,80
<T>支持<T>和<T>两种模式，满足不同业务需求。,79
<T>是<T>中的核心组件，用于实现<T>功能。,77
排查<T>相关故障时，应优先检查<T>和<T>。,76
排查Kubernetes相关故障时，应优先检查<T>和<T>。,30
通过Pod接口，可以实现<T>的<T>操作。,29
安全组是<T>中的核心组件，用于实现<T>功能。,28
通过安全组接口，可以实现<T>的<T>操作。,28
在Object场景下，使用<T>可以有效提升<T>效率。,27
配置安全组时，需要注意<T>和<T>的兼容性。,27
部署实例前，需先完成<T>和<T>的准备工作。,27
Pod的优势在于<T>，相比传统方式可降低<T>成本。,27
Docker是<T>中的核心组件，用于实现<T>功能。,26
安全组的优势在于<T>，相比传统方式可降低<T>成本。,26
优化实例的性能，需要调整<T>和<T>参数。,26
优化Docker的性能，需要调整<T>和<T>参数。,26
实例的优势在于<T>，相比传统方式可降低<T>成本。,26
Bucket的主要作用是<T>，适用于<T>场景。,26
部署Pod前，需先完成<T>和<T>的准备工作。,26
<T>计算的优势在于<T>，相比传统方式可降低<T>成本。,26
排查Docker相关故障时，应优先检查<T>和<T>。,26
Kubernetes是<T>中的核心组件，用于实现<T>功能。,26
分布式存储的主要作用是<T>，适用于<T>场景。,25
在Bucket场景下，使用<T>可以有效提升<T>效率。,25
部署访问密钥前，需先完成<T>和<T>的准备工作。,25
Pod支持<T>和<T>两种模式，满足不同业务需求。,25
镜像是<T>中的核心组件，用于实现<T>功能。,25
在访问密钥场景下，使用<T>可以有效提升<T>效率。,25
Bucket支持<T>和<T>两种模式，满足不同业务需求。,25
优化访问密钥的性能，需要调整<T>和<T>参数。,25
Kubernetes的主要作用是<T>，适用于<T>场景。,25
实例的主要作用是<T>，适用于<T>场景。,24
优化Pod的性能，需要调整<T>和<T>参数。,24
排查实例相关故障时，应优先检查<T>和<T>。,24
配置Pod时，需要注意<T>和<T>的兼容性。,24
优化分布式存储的性能，需要调整<T>和<T>参数。,24
安全组的主要作用是<T>，适用于<T>场景。,24
在Docker场景下，使用<T>可以有效提升<T>效率。,24
在虚拟机场景下，使用<T>可以有效提升<T>效率。,24
通过分布式存储接口，可以实现<T>的<T>操作。,24
排查Pod相关故障时，应优先检查<T>和<T>。,24
部署安全组前，需先完成<T>和<T>的准备工作。,24
通过镜像接口，可以实现<T>的<T>操作。,24
部署镜像前，需先完成<T>和<T>的准备工作。,24
虚拟机是<T>中的核心组件，用于实现<T>功能。,24
Kubernetes的优势在于<T>，相比传统方式可降低<T>成本。,24
访问密钥的主要作用是<T>，适用于<T>场景。,24
通过虚拟机接口，可以实现<T>的<T>操作。,24
通过Kubernetes接口，可以实现<T>的<T>操作。,23
部署<T>计算前，需先完成<T>和<T>的准备工作。,23
镜像的主要作用是<T>，适用于<T>场景。,23
在实例场景下，使用<T>可以有效提升<T>效率。,23
优化<T>计算的性能，需要调整<T>和<T>参数。,23
配置<T>计算时，需要注意<T>和<T>的兼容性。,23
配置访问密钥时，需要注意<T>和<T>的兼容性。,23
Object的优势在于<T>，相比传统方式可降低<T>成本。,23
配置实例时，需要注意<T>和<T>的兼容性。,23
排查访问密钥相关故障时，应优先检查<T>和<T>。,23
优化镜像的性能，需要调整<T>和<T>参数。,23
通过Docker接口，可以实现<T>的<T>操作。,23
通过<T>计算接口，可以实现<T>的<T>操作。,23
配置Docker时，需要注意<T>和<T>的兼容性。,23
在Pod场景下，使用<T>可以有效提升<T>效率。,23
配置Kubernetes时，需要注意<T>和<T>的兼容性。,23
在分布式存储场景下，使用<T>可以有效提升<T>效率。,23
排查镜像相关故障时，应优先检查<T>和<T>。,23
<T>计算是<T>中的核心组件，用于实现<T>功能。,23
Docker的优势在于<T>，相比传统方式可降低<T>成本。,23
虚拟机的优势在于<T>，相比传统方式可降低<T>成本。,23
在安全组场景下，使用<T>可以有效提升<T>效率。,22
实例是<T>中的核心组件，用于实现<T>功能。,22
配置Bucket时，需要注意<T>和<T>的兼容性。,22
排查安全组相关故障时，应优先检查<T>和<T>。,22
优化Kubernetes的性能，需要调整<T>和<T>参数。,22
访问密钥是<T>中的核心组件，用于实现<T>功能。,22
优化Bucket的性能，需要调整<T>和<T>参数。,22
Docker支持<T>和<T>两种模式，满足不同业务需求。,22
安全组支持<T>和<T>两种模式，满足不同业务需求。,22
部署Docker前，需先完成<T>和<T>的准备工作。,22
排查<T>计算相关故障时，应优先检查<T>和<T>。,22
Docker的主要作用是<T>，适用于<T>场景。,22
优化Object的性能，需要调整<T>和<T>参数。,22
在<T>计算场景下，使用<T>可以有效提升<T>效率。,22
镜像的优势在于<T>，相比传统方式可降低<T>成本。,22
Object是<T>中的核心组件，用于实现<T>功能。,22
通过实例接口，可以实现<T>的<T>操作。,21
分布式存储是<T>中的核心组件，用于实现<T>功能。,21
虚拟机支持<T>和<T>两种模式，满足不同业务需求。,21
优化虚拟机的性能，需要调整<T>和<T>参数。,21
配置Object时，需要注意<T>和<T>的兼容性。,21
Object的主要作用是<T>，适用于<T>场景。,21
Pod是<T>中的核心组件，用于实现<T>功能。,21
在镜像场景下，使用<T>可以有效提升<T>效率。,21
排查Object相关故障时，应优先检查<T>和<T>。,21
访问密钥的优势在于<T>，相比传统方式可降低<T>成本。,21
虚拟机的主要作用是<T>，适用于<T>场景。,20
配置分布式存储时，需要注意<T>和<T>的兼容性。,20
排查虚拟机相关故障时，应优先检查<T>和<T>。,20
排查分布式存储相关故障时，应优先检查<T>和<T>。,20
Object支持<T>和<T>两种模式，满足不同业务需求。,20
部署Object前，需先完成<T>和<T>的准备工作。,20
部署虚拟机前，需先完成<T>和<T>的准备工作。,20
<T>计算的主要作用是<T>，适用于<T>场景。,20
实例支持<T>和<T>两种模式，满足不同业务需求。,20
镜像支持<T>和<T>两种模式，满足不同业务需求。,19
分布式存储支持<T>和<T>两种模式，满足不同业务需求。,19
配置镜像时，需要注意<T>和<T>的兼容性。,19
访问密钥支持<T>和<T>两种模式，满足不同业务需求。,19
Bucket是<T>中的核心组件，用于实现<T>功能。,19
Kubernetes支持<T>和<T>两种模式，满足不同业务需求。,19
分布式存储的优势在于<T>，相比传统方式可降低<T>成本。,19
部署Bucket前，需先完成<T>和<T>的准备工作。,19
通过Bucket接口，可以实现<T>的<T>操作。,19
部署Kubernetes前，需先完成<T>和<T>的准备工作。,18
<T>计算支持<T>和<T>两种模式，满足不同业务需求。,18
在Kubernetes场景下，使用<T>可以有效提升<T>效率。,18
通过访问密钥接口，可以实现<T>的<T>操作。,18
Pod的主要作用是<T>，适用于<T>场景。,18
Bucket的优势在于<T>，相比传统方式可降低<T>成本。,18
优化安全组的性能，需要调整<T>和<T>参数。,18
部署分布式存储前，需先完成<T>和<T>的准备工作。,17
通过Object接口，可以实现<T>的<T>操作。,17
配置虚拟机时，需要注意<T>和<T>的兼容性。,17
排查Bucket相关故障时，应优先检查<T>和<T>。,16
配置Deployment时，需要注意<T>和<T>的兼容性。,6
Deployment的主要作用是<T>，适用于<T>场景。,6
配置<T>IP时，需要注意<T>和<T>的兼容性。,6
在Deployment场景下，使用<T>可以有效提升<T>效率。,5
<T>IP支持<T>和<T>两种模式，满足不同业务需求。,5
排查<T>IP相关故障时，应优先检查<T>和<T>。,5
排查Deployment相关故障时，应优先检查<T>和<T>。,5
通过<T>IP接口，可以实现<T>的<T>操作。,5
Deployment是<T>中的核心组件，用于实现<T>功能。,5
优化Deployment的性能，需要调整<T>和<T>参数。,5
优化<T>IP的性能，需要调整<T>和<T>参数。,4
Deployment的优势在于<T>，相比传统方式可降低<T>成本。,4
<T>IP是<T>中的核心组件，用于实现<T>功能。,4
部署<T>IP前，需先完成<T>和<T>的准备工作。,4
<T>IP的优势在于<T>，相比传统方式可降低<T>成本。,4
通过Deployment接口，可以实现<T>的<T>操作。,3
部署Deployment前，需先完成<T>和<T>的准备工作。,3
<T>IP的主要作用是<T>，适用于<T>场景。,3
Deployment支持<T>和<T>两种模式，满足不同业务需求。,3
在<T>IP场景下，使用<T>可以有效提升<T>效率。,3
